John Smith,john.smith@gmail.com
Emily Johnson,emily.johnson@gmail.com
Michael Williams,michael.williams@gmail.com
Sophia Brown,sophia.brown@gmail.com
James Jones,james.jones@gmail.com
Olivia Garcia,olivia.garcia@gmail.com
Alexander Miller,alexander.miller@gmail.com
Mia Davis,mia.davis@gmail.com
William Martinez,william.martinez@gmail.com
Ava Hernandez,ava.hernandez@gmail.com
Daniel Moore,daniel.moore@gmail.com
Isabella Taylor,isabella.taylor@gmail.com
Matthew Anderson,matthew.anderson@gmail.com
Amelia Thomas,amelia.thomas@gmail.com
David Jackson,david.jackson@gmail.com
Abigail White,abigail.white@gmail.com
Joseph Harris,joseph.harris@gmail.com
Charlotte Martin,charlotte.martin@gmail.com
Christopher Thompson,christopher.thompson@gmail.com
Evelyn Garcia,evelyn.garcia@gmail.com
Joshua Martinez,joshua.martinez@gmail.com
Harper Martinez,harper.martinez@gmail.com
Andrew Lewis,andrew.lewis@gmail.com
Lily Clark,lily.clark@gmail.com
Ryan Walker,ryan.walker@gmail.com
Zoe Rodriguez,zoe.rodriguez@gmail.com
Brandon King,brandon.king@gmail.com
Ella Hall,ella.hall@gmail.com
Samuel Allen,samuel.allen@gmail.com
Madison Young,madison.young@gmail.com
Nicholas Scott,nicholas.scott@gmail.com
Scarlett Green,scarlett.green@gmail.com
Jonathan Adams,jonathan.adams@gmail.com
Grace Baker,grace.baker@gmail.com
Kevin Gonzalez,kevin.gonzalez@gmail.com
Chloe Nelson,chloe.nelson@gmail.com
Jacob Carter,jacob.carter@gmail.com
Lillian Perez,lillian.perez@gmail.com
Ethan Roberts,ethan.roberts@gmail.com
Layla Turner,layla.turner@gmail.com
Dylan Phillips,dylan.phillips@gmail.com
Hannah Mitchell,hannah.mitchell@gmail.com
Tyler Campbell,tyler.campbell@gmail.com
Aria Evans,aria.evans@gmail.com
Nathan Parker,nathan.parker@gmail.com
Ellie Edwards,ellie.edwards@gmail.com
Christian Collins,christian.collins@gmail.com
Victoria Stewart,victoria.stewart@gmail.com
Jordan Morris,jordan.morris@gmail.com
Penelope Cooper,penelope.cooper@gmail.com
